{
    "WA": {
        "Male": 0.7289310470631156,
        "Female": 0.7278365560014594,
        "Unisex": 0.22619481940897482,
        "AllGender": 0.012404232032105071,
        "ParkingAccessible": 0.3305363006202116,
        "PaymentRequired": 0.0047427946005107625,
        "AdultChange": 0.02663261583363736,
        "BabyChange": 0.1608901860634805,
        "BabyCareRoom": 0.006566946369937978,
        "Accessible": 0.5778912805545421,
        "SanitaryDisposal": 0.32615833637358627,
        "MensPadDisposal": 0.012039401678219628,
        "State": "WA",
        "Total": 2741
    },
    "QLD": {
        "Male": 0.7137777777777777,
        "Female": 0.7124444444444444,
        "Unisex": 0.23644444444444446,
        "AllGender": 0.004666666666666667,
        "ParkingAccessible": 0.266,
        "PaymentRequired": 0.004666666666666667,
        "AdultChange": 0.018666666666666668,
        "BabyChange": 0.15866666666666668,
        "BabyCareRoom": 0.01577777777777778,
        "Accessible": 0.5857777777777777,
        "SanitaryDisposal": 0.276,
        "MensPadDisposal": 0.03177777777777778,
        "State": "QLD",
        "Total": 4500
    },
    "SA": {
        "Male": 0.63916015625,
        "Female": 0.638671875,
        "Unisex": 0.29150390625,
        "AllGender": 0.01806640625,
        "ParkingAccessible": 0.23486328125,
        "PaymentRequired": 0.00927734375,
        "AdultChange": 0.0234375,
        "BabyChange": 0.1953125,
        "BabyCareRoom": 0.00537109375,
        "Accessible": 0.5830078125,
        "SanitaryDisposal": 0.3955078125,
        "MensPadDisposal": 0.029296875,
        "State": "SA",
        "Total": 2048
    },
    "TAS": {
        "Male": 0.5739769150052466,
        "Female": 0.5739769150052466,
        "Unisex": 0.3462749213011542,
        "AllGender": 0.02728226652675761,
        "ParkingAccessible": 0.23399790136411333,
        "PaymentRequired": 0.002098635886673662,
        "AdultChange": 0.01049317943336831,
        "BabyChange": 0.1794333683105981,
        "BabyCareRoom": 0.024134312696747113,
        "Accessible": 0.521511017838405,
        "SanitaryDisposal": 0.25813221406086045,
        "MensPadDisposal": 0.001049317943336831,
        "State": "TAS",
        "Total": 953
    },
    "NT": {
        "Male": 0.7408536585365854,
        "Female": 0.7408536585365854,
        "Unisex": 0.25914634146341464,
        "AllGender": 0.006097560975609756,
        "ParkingAccessible": 0.3018292682926829,
        "PaymentRequired": 0.012195121951219513,
        "AdultChange": 0.021341463414634148,
        "BabyChange": 0.1524390243902439,
        "BabyCareRoom": 0.009146341463414634,
        "Accessible": 0.524390243902439,
        "SanitaryDisposal": 0.3597560975609756,
        "MensPadDisposal": 0.042682926829268296,
        "State": "NT",
        "Total": 328
    },
    "VIC": {
        "Male": 0.6632314410480349,
        "Female": 0.6613100436681223,
        "Unisex": 0.31353711790393013,
        "AllGender": 0.01589519650655022,
        "ParkingAccessible": 0.25048034934497815,
        "PaymentRequired": 0.0034934497816593887,
        "AdultChange": 0.0337117903930131,
        "BabyChange": 0.2045414847161572,
        "BabyCareRoom": 0.00925764192139738,
        "Accessible": 0.5498689956331878,
        "SanitaryDisposal": 0.2934497816593886,
        "MensPadDisposal": 0.013100436681222707,
        "State": "VIC",
        "Total": 5725
    },
    "NSW": {
        "Male": 0.7524778644112594,
        "Female": 0.7535350865600634,
        "Unisex": 0.22175234571164265,
        "AllGender": 0.009382846570635655,
        "ParkingAccessible": 0.33817893484868505,
        "PaymentRequired": 0.004889652438218581,
        "AdultChange": 0.02233381789348487,
        "BabyChange": 0.22465970662085372,
        "BabyCareRoom": 0.018104929298268797,
        "Accessible": 0.606052596801903,
        "SanitaryDisposal": 0.273159772697238,
        "MensPadDisposal": 0.013083124091449716,
        "State": "NSW",
        "Total": 7567
    },
    "ACT": {
        "Male": 0.7692307692307693,
        "Female": 0.7724358974358975,
        "Unisex": 0.2403846153846154,
        "AllGender": 0.009615384615384616,
        "ParkingAccessible": 0.1987179487179487,
        "PaymentRequired": 0.00641025641025641,
        "AdultChange": 0.03205128205128205,
        "BabyChange": 0.11217948717948718,
        "BabyCareRoom": 0.019230769230769232,
        "Accessible": 0.5224358974358975,
        "SanitaryDisposal": 0.2403846153846154,
        "MensPadDisposal": 0.01282051282051282,
        "State": "ACT",
        "Total": 312
    },
    "": {
        "Male": 0.0,
        "Female": 0.0,
        "Unisex": 1.0,
        "AllGender": 0.0,
        "ParkingAccessible": 0.0,
        "PaymentRequired": 0.0,
        "AdultChange": 0.0,
        "BabyChange": 0.0,
        "BabyCareRoom": 0.0,
        "Accessible": 0.0,
        "SanitaryDisposal": 0.0,
        "MensPadDisposal": 0.0,
        "State": "",
        "Total": 1
    }
}